"","zone","total_n","pct"
"1","coastal or shallow",48256463,0.858727480797021
"2","deep",7938854,0.141272519202979
