,zone,total_n,pct,space
1,coastal or shallow,48256463,0.018617012,0.05
2,deep,7938854,0.003062755,0.93
3,land,2535867393,0.978320232,0.01